"cust","sum","avg","max"
"Dan","289650","486.8067226890756303",990
"Claire","339975","519.0458015267175573",996
"Sam","277235","523.0849056603773585",999
"Helen","243895","464.5619047619047619",992
"Emily","292140","503.6896551724137931",991
"Wally","278635","480.4051724137931034",993
"Chae","308990","475.3692307692307692",995
"Boo","301540","490.3089430894308943",993
"Mia","271170","502.1666666666666667",977
